Gender,avg_spending
F,445.5210777968566
Others,434.30927679809906
M,440.41739253596893
