month_name,monthly_spent
October,1069861.840000002
February,2148030.9500000016
June,2254592.409999995
September,2274245.6599999997
April,2289731.2999999975
January,2345228.2100000028
August,2391450.200000005
March,2396963.3100000024
May,2460816.56
July,2475041.5299999993
