"Merchant Name",total_sales
"Johnson PLC",35089.70999999999
"Smith Ltd",33304.539999999986
"Smith PLC",30651.959999999992
"Smith Inc",29936.920000000002
"Johnson LLC",28670.38000000001
"Williams LLC",27629.979999999992
"Smith LLC",25246.87000000001
"Smith and Sons",24695.43999999999
"Johnson Ltd",24019.360000000004
"Jones PLC",23873.09
