Category,total_transactions,total_spent
Restaurant,8413,464488.60000000085
Market,8382,2151134.4200000023
Travel,8377,12900231.93999996
Electronics,8324,4394092.099999994
Clothing,8261,1319342.4699999995
Cosmetic,8243,876672.4400000005
